Source Name,Type,RSS_URL,Last_Fetched,Update Frequency,Last Fetched,Category/Tag
TechCrunch,RSS,https://techcrunch.com/feed/,2026-05-10T01:01:57Z,1 Week,,
FRED,,https://fredblog.stlouisfed.org/feed/,2026-05-10T01:02:07Z,1 Week,,
The Rise Fuel,RSS,https://therisefuel.substack.com/feed,2026-05-10T01:02:09Z,1 Week,,
Internet of Things,,https://www.techrepublic.com/rssfeeds/topic/internet-of-things/,2026-05-10T01:02:11Z,1 Week,,
The Verge,,https://www.theverge.com/rss/index.xml,2026-05-10T01:02:39Z,1 Week,,
Singularity,,https://singularityhub.com/feed,2026-05-10T01:02:56Z,1 Week,,
Team Semrush,RSS,https://www.semrush.com/blog,2026-05-10T01:03:27Z,1 Week,,
BBC World News,,https://feeds.bbci.co.uk/news/world/rss.xml,2026-05-10T01:04:36Z,1 Week,,
MIT Technology Review,,https://www.technologyreview.com/feed/,2026-05-10T01:05:10Z,1 Week,,
Bloomberg Market,,https://feeds.bloomberg.com/markets/news.rss,2026-05-10T01:06:33Z,1 Week,,
CNBC Top News,,https://www.cnbc.com/id/100003114/device/rss/rss.html,2026-05-10T01:07:41Z,1 Week,,
Coin Desk,,https://www.coindesk.com/arc/outboundfeeds/rss,2026-05-10T01:11:06Z,1 Week,,
Y Combinator,,https://www.ycombinator.com/blog/feed/,2026-05-10T01:11:08Z,1 Week,,
Exponential View,,https://www.exponentialview.co/feed,2026-05-10T01:11:21Z,1 Week,,
World Economic Forum,,https://www.weforum.org/,2026-05-10T01:11:44Z,1 Week,,
The Block,,https://www.theblock.co/rss.xml,2026-05-10T01:11:47Z,1 Week,,
Vox,,https://www.vox.com/rss/index.xml,2026-05-10T01:12:24Z,1 Week,,
Wired ,,https://www.wired.com/feed/rss,2026-05-10T01:14:21Z,1 Week,,