Source Name,Type,RSS_URL,Youtube Link,Last_Fetched,Update Frequency,Category/Tag,broken ,,,,,,,
TechCrunch,Youtube,https://www.youtube.com/feeds/videos.xml?channel_id=UCCjyq_K1Xwfg8Lndy7lKMpA,https://www.youtube.com/channel/UCCjyq_K1Xwfg8Lndy7lKMpA,2026-05-03T01:11:00Z,1 Week,,,,,,,,,
FRED,Youtube,https://www.youtube.com/feeds/videos.xml?channel_id=UCKEXu8aCjrudFNx2jq9FfQw,https://www.youtube.com/channel/UCKEXu8aCjrudFNx2jq9FfQw,2026-05-03T01:11:09Z,1 Week,,,,,,,,,
Jamie Tree,Youtube,https://www.youtube.com/feeds/videos.xml?channel_id=UCWZg7FTpyFB9lSpk-_cVr3Q,https://www.youtube.com/channel/UCWZg7FTpyFB9lSpk-_cVr3Q,2026-05-03T01:11:11Z,1 Week,,TRUE,,,,,,,
CryptosRUs,Youtube,https://www.youtube.com/feeds/videos.xml?channel_id=UCI7M65p3A-D3P4v5qW8POxQ,https://www.youtube.com/channel/UCI7M65p3A-D3P4v5qW8POxQ,2026-05-03T01:11:15Z,1 Week,,TRUE,,,,,,,
A Homestead Journey,Youtube,https://www.youtube.com/feeds/videos.xml?channel_id=UCUdlMZ02XYLVeknNEY8F4vw,https://www.youtube.com/channel/UCUdlMZ02XYLVeknNEY8F4vw,2026-05-03T01:11:17Z,1 Week,,TRUE,,,,,,,
Figure,Youtube,https://www.youtube.com/feeds/videos.xml?channel_id=UCr_EaO_b08W8I46F5n4u3eA,https://www.youtube.com/channel/UCr_EaO_b08W8I46F5n4u3eA,2026-05-03T01:11:20Z,1 Week,,TRUE,,,,,,,
The Diary of a CEO Clips,Youtube,https://www.youtube.com/feeds/videos.xml?channel_id=UCnjgxChqYYnyoqO4k_Q1d6Q,https://www.youtube.com/channel/UCnjgxChqYYnyoqO4k_Q1d6Q,2026-05-03T01:11:23Z,1 Week,,TRUE,,,,,,,
Dirty Tesla,Youtube,https://www.youtube.com/feeds/videos.xml?channel_id=UCaBOIBVD_f6eyRRRBRrCz8w,https://www.youtube.com/channel/UCaBOIBVD_f6eyRRRBRrCz8w,2026-05-03T01:11:25Z,1 Week,,TRUE,,,,,,,
Solving The Money Problem,Youtube,https://www.youtube.com/feeds/videos.xml?channel_id=UCagiBBx1prefrlsDzDxuA9A,https://www.youtube.com/channel/UCagiBBx1prefrlsDzDxuA9A,2026-05-03T01:11:30Z,1 Week,,,,,,,,,
Senator Bernie Sanders,Youtube,https://www.youtube.com/feeds/videos.xml?channel_id=UCD_DaKNac0Ta-2PeHuoQ1uA,https://www.youtube.com/channel/UCD_DaKNac0Ta-2PeHuoQ1uA,2026-05-03T01:11:33Z,1 Week,,TRUE,,,,,,,
Farzad,Youtube,https://www.youtube.com/feeds/videos.xml?channel_id=UCgbyN_o-Guwpyqfuuz3pyIw,https://www.youtube.com/channel/UCgbyN_o-Guwpyqfuuz3pyIw,2026-05-03T01:11:36Z,1 Week,,TRUE,,,,,,,
Peter H Diamandis,Youtube,https://www.youtube.com/feeds/videos.xml?channel_id=UCvxm0qTrGN_1LMYgUaftWyQ,https://www.youtube.com/channel/UCvxm0qTrGN_1LMYgUaftWyQ,2026-05-03T01:20:07Z,1 Week,,TRUE,,,,,,,
Crypto Zombie,Youtube,https://www.youtube.com/feeds/videos.xml?channel_id=UCiUnrCUGCJTCC7KjuW493Ww,https://www.youtube.com/channel/UCiUnrCUGCJTCC7KjuW493Ww,2026-05-03T01:20:12Z,1 Week,,TRUE,,,,,,,
Marques Brownlee,Youtube,https://www.youtube.com/feeds/videos.xml?channel_id=UCBJycsmduvYEL83R_U4JriQ,https://www.youtube.com/channel/UCBJycsmduvYEL83R_U4JriQ,2026-05-03T01:20:15Z,1 Week,,TRUE,,,,,,,
London Real,Youtube,https://www.youtube.com/feeds/videos.xml?channel_id=UCCZVmatSqIMTTB8uExk8xEg,https://www.youtube.com/channel/UCCZVmatSqIMTTB8uExk8xEg,2026-05-03T01:20:18Z,1 Week,,TRUE,,,,,,,
Wes Roth,Youtube,https://www.youtube.com/feeds/videos.xml?channel_id=UCqcbQf6yw5KzRoDDcZ_wBSw,https://www.youtube.com/channel/UCqcbQf6yw5KzRoDDcZ_wBSw,2026-05-03T01:20:21Z,1 Week,,TRUE,,,,,,,
David Shapiro,Youtube,https://www.youtube.com/feeds/videos.xml?channel_id=UCvKRFNawVcuz4b9ihUTApCg,https://www.youtube.com/channel/UCvKRFNawVcuz4b9ihUTApCg,2026-05-03T01:20:23Z,1 Week,,TRUE,,,,,,,
Brian Tyler Cohen,Youtube,https://www.youtube.com/feeds/videos.xml?channel_id=UCQANb2YPwAtK-IQJrLaaUFw,https://www.youtube.com/channel/UCQANb2YPwAtK-IQJrLaaUFw,2026-05-03T01:20:26Z,1 Week,,TRUE,,,,,,,
A16z,Youtube,https://www.youtube.com/feeds/videos.xml?channel_id=UC9cn0TuPq4dnbTY-CBsm8XA,https://www.youtube.com/channel/UC9cn0TuPq4dnbTY-CBsm8XA,2026-05-03T01:20:28Z,1 Week,,TRUE,,,,,,,
The AI GRID,Youtube,https://www.youtube.com/feeds/videos.xml?channel_id=UCbY9xX3_jW5c2fjlZVBI4cg,https://www.youtube.com/channel/UCbY9xX3_jW5c2fjlZVBI4cg,2026-05-03T01:20:31Z,1 Week,,TRUE,,,,,,,
Coin Bureau,Youtube,https://www.youtube.com/feeds/videos.xml?channel_id=UCqK_GSMbpiV8spgD3ZGloSw,https://www.youtube.com/channel/UCqK_GSMbpiV8spgD3ZGloSw,2026-05-03T01:20:33Z,1 Week,,TRUE,,,,,,,
From The Desk Of Anthony Pompliano,Youtube,https://www.youtube.com/feeds/videos.xml?channel_id=UCML9PlpcOxM_H53IM0fa4XA,https://www.youtube.com/channel/UCML9PlpcOxM_H53IM0fa4XA,2026-05-03T01:20:36Z,1 Week,,TRUE,,,,,,,
CNBC Television,Youtube,https://www.youtube.com/feeds/videos.xml?channel_id=UCrp_UI8XtuYfpiqluWLD7Lw,https://www.youtube.com/channel/UCrp_UI8XtuYfpiqluWLD7Lw,2026-05-03T01:30:09Z,1 Week,,,,,,,,,
Michael Bordenaro,Youtube,https://www.youtube.com/feeds/videos.xml?channel_id=UCdxGqN9_aBisOJHzIRTGLfg,https://www.youtube.com/channel/UCdxGqN9_aBisOJHzIRTGLfg,2026-05-03T01:30:12Z,1 Week,,TRUE,,,,,,,
Chasing Sharpe,Youtube,https://www.youtube.com/feeds/videos.xml?channel_id=UC0U53m4qjY1WM_30khZrwMA,https://www.youtube.com/channel/UC0U53m4qjY1WM_30khZrwMA,2026-05-03T01:30:15Z,1 Week,,TRUE,,,,,,,
Library of Wealth,Youtube,https://www.youtube.com/feeds/videos.xml?channel_id=UC6OOQMJYX09OyrSRPABNxhA,https://www.youtube.com/channel/UC6OOQMJYX09OyrSRPABNxhA,2026-05-03T01:30:18Z,1 Week,,TRUE,,,,,,,
Epic Economist,Youtube,https://www.youtube.com/feeds/videos.xml?channel_id=UCSJx2iNjVaCCPaB8SPU_XXw,https://www.youtube.com/channel/UCSJx2iNjVaCCPaB8SPU_XXw,2026-05-03T01:30:21Z,1 Week,,TRUE,,,,,,,
AI Upload,Youtube,https://www.youtube.com/feeds/videos.xml?channel_id=UCKXjkaYg4odQWPnwbDjaqYQ,https://www.youtube.com/channel/UCKXjkaYg4odQWPnwbDjaqYQ,2026-05-03T01:30:23Z,1 Week,,TRUE,,,,,,,
The Tesla Space,Youtube,https://www.youtube.com/feeds/videos.xml?channel_id=UCJjAIBWeY022ZNj_Cp_6wAw,https://www.youtube.com/channel/UCJjAIBWeY022ZNj_Cp_6wAw,2026-05-03T01:30:26Z,1 Week,,TRUE,,,,,,,
Dan Gambardello,Youtube,https://www.youtube.com/feeds/videos.xml?channel_id=UCnMku7J_UtwlcSfZlIuQ3Kw,https://www.youtube.com/channel/UCnMku7J_UtwlcSfZlIuQ3Kw,2026-05-03T01:30:29Z,1 Week,,TRUE,,,,,,,
Anastasi In Tech,Youtube,https://www.youtube.com/feeds/videos.xml?channel_id=UCORX3Cl7ByidjEgzSCgv9Yw,https://www.youtube.com/channel/UCORX3Cl7ByidjEgzSCgv9Yw,2026-05-03T01:30:32Z,1 Week,,,,,,,,,
Sahil Bloom,Youtube,https://www.youtube.com/feeds/videos.xml?channel_id=UC0vZSXQHRGPNZMFAKPLJcww,https://www.youtube.com/channel/UC0vZSXQHRGPNZMFAKPLJcww,2026-05-03T01:30:34Z,1 Week,,TRUE,,,,,,,
Andrei Jikh,Youtube,https://www.youtube.com/feeds/videos.xml?channel_id=UCGy7SkBjcIAgTiwkXEtPnYg,https://www.youtube.com/channel/UCGy7SkBjcIAgTiwkXEtPnYg,2026-05-03T01:40:09Z,1 Week,,TRUE,,,,,,,
Secular Talk,Youtube,https://www.youtube.com/feeds/videos.xml?channel_id=UCldfgbzNILYZA4dmDt4Cd6A,https://www.youtube.com/channel/UCldfgbzNILYZA4dmDt4Cd6A,2026-05-03T01:40:12Z,1 Week,,TRUE,,,,,,,
InfoTechRG,Youtube,https://www.youtube.com/feeds/videos.xml?channel_id=UCXcRxmZkDGP0_sBGTFTF-Bw,https://www.youtube.com/channel/UCXcRxmZkDGP0_sBGTFTF-Bw,2026-05-03T01:40:15Z,1 Week,,TRUE,,,,,,,
The Real Anthony Scaramucci,Youtube,https://www.youtube.com/feeds/videos.xml?channel_id=UCRnUO-S4Nh5BgF-Vg43QvBQ,https://www.youtube.com/channel/UCRnUO-S4Nh5BgF-Vg43QvBQ,2026-05-03T01:40:17Z,1 Week,,TRUE,,,,,,,
Mo Gawdat Official,Youtube,https://www.youtube.com/feeds/videos.xml?channel_id=UCilMYYyoot7vhLn4Tinzmmg,https://www.youtube.com/channel/UCilMYYyoot7vhLn4Tinzmmg,2026-05-03T01:40:20Z,1 Week,,TRUE,,,,,,,
electric-future,Youtube,https://www.youtube.com/feeds/videos.xml?channel_id=UC3cVCT_ohbH48zmH0bLd7Gg,https://www.youtube.com/channel/UC3cVCT_ohbH48zmH0bLd7Gg,2026-05-03T01:40:22Z,1 Week,,TRUE,,,,,,,
Freethink,Youtube,https://www.youtube.com/feeds/videos.xml?channel_id=UConJDkGk921yT9hISzFqpzw,https://www.youtube.com/channel/UConJDkGk921yT9hISzFqpzw,2026-05-03T01:40:25Z,1 Week,,TRUE,,,,,,,
kate cassidy,Youtube,https://www.youtube.com/feeds/videos.xml?channel_id=UCAJCDTBxmvPbNAIhQULVr6g,https://www.youtube.com/channel/UCAJCDTBxmvPbNAIhQULVr6g,2026-05-03T01:40:28Z,1 Week,,TRUE,,,,,,,
AISpecies,Youtube,https://www.youtube.com/feeds/videos.xml?channel_id=UCEENWVBdvDy-QWfuQoXC9HQ,https://www.youtube.com/channel/UCEENWVBdvDy-QWfuQoXC9HQ,2026-05-03T01:40:30Z,1 Week,,TRUE,,,,,,,
Mark Moss,Youtube,https://www.youtube.com/feeds/videos.xml?channel_id=UC9ZM3N0ybRtp44-WLqsW3iQ,https://www.youtube.com/channel/UC9ZM3N0ybRtp44-WLqsW3iQ,2026-05-03T01:40:32Z,1 Week,,,,,,,,,
Charles Hoskinson,Youtube,https://www.youtube.com/feeds/videos.xml?channel_id=UCiJiqEvUZxT6isIaXK7RXTg,https://www.youtube.com/channel/UCiJiqEvUZxT6isIaXK7RXTg,2026-05-03T01:40:34Z,1 Week,,TRUE,,,,,,,
The Independent,Youtube,https://www.youtube.com/feeds/videos.xml?channel_id=UCshwRhftzkiov5wKR7M_LsQ,https://www.youtube.com/channel/UCshwRhftzkiov5wKR7M_LsQ,2026-05-03T01:50:09Z,1 Week,,,,,,,,, 
bytefederal,Youtube,https://www.youtube.com/feeds/videos.xml?channel_id=UCozOzfZ0MgqLT_TA7hbNh4g,https://www.youtube.com/channel/UCozOzfZ0MgqLT_TA7hbNh4g,2026-05-03T01:50:12Z,1 Week,,TRUE,,,,,,,
Altcoin Buzz,Youtube,https://www.youtube.com/feeds/videos.xml?channel_id=UCGyqEtcGQQtXyUwvcy7Gmyg,https://www.youtube.com/channel/UCGyqEtcGQQtXyUwvcy7Gmyg,2026-05-03T01:50:15Z,1 Week,,TRUE,,,,,,,
TIME,Youtube,https://www.youtube.com/feeds/videos.xml?channel_id=UC8Su5vZCXWRag13H53zWVwA,https://www.youtube.com/channel/UC8Su5vZCXWRag13H53zWVwA,2026-05-03T01:50:18Z,1 Week,,TRUE,,,,,,,
Alex Bennett,Youtube,https://www.youtube.com/feeds/videos.xml?channel_id=UCPqdLq_9rd9SSSqIuPxcDdg,https://www.youtube.com/channel/UCPqdLq_9rd9SSSqIuPxcDdg,2026-05-03T01:50:21Z,1 Week,,TRUE,,,,,,,
Tina Huang,Youtube,https://www.youtube.com/feeds/videos.xml?channel_id=UC2UXDak6o7rBm23k3Vv5dww,https://www.youtube.com/channel/UC2UXDak6o7rBm23k3Vv5dww,2026-05-03T01:50:24Z,1 Week,,TRUE,,,,,,,
Daily Dose Crypto,Youtube,https://www.youtube.com/feeds/videos.xml?channel_id=UCFYSm56LGxS7Nx6Zck5c7ig,https://www.youtube.com/channel/UCFYSm56LGxS7Nx6Zck5c7ig,2026-05-03T01:50:27Z,1 Week,,TRUE,,,,,,,
Peter McCormack,Youtube,https://www.youtube.com/feeds/videos.xml?channel_id=UCzrWKkFIRS0kjZf7x24GdGg,https://www.youtube.com/channel/UCzrWKkFIRS0kjZf7x24GdGg,2026-05-03T01:50:30Z,1 Week,,TRUE,,,,,,,
AI News,Youtube,https://www.youtube.com/feeds/videos.xml?channel_id=UCDZfn935vwaahDabsfylfIQ,https://www.youtube.com/channel/UCDZfn935vwaahDabsfylfIQ,2026-05-03T01:50:33Z,1 Week,,TRUE,,,,,,,
NVIDIA,Youtube,https://www.youtube.com/feeds/videos.xml?channel_id=UCHuiy8bXnmK5nisYHUd1J5g,https://www.youtube.com/channel/UCHuiy8bXnmK5nisYHUd1J5g,2026-05-03T01:50:35Z,1 Week,,TRUE,,,,,,,
Insane Curiosity,Youtube,https://www.youtube.com/feeds/videos.xml?channel_id=UCNYaxPiba3oxmeL_3jKxnYA,https://www.youtube.com/channel/UCNYaxPiba3oxmeL_3jKxnYA,2026-05-03T01:50:37Z,1 Week,,TRUE,,,,,,,
Sanctuary AI,Youtube,https://www.youtube.com/feeds/videos.xml?channel_id=UC_d_dGoi2ztmAgiDwRh3uJw,https://www.youtube.com/channel/UC_d_dGoi2ztmAgiDwRh3uJw,2026-05-03T01:59:04Z,1 Week,,TRUE,,,,,,,
Tesla Owners SV,Youtube,https://www.youtube.com/feeds/videos.xml?channel_id=UCmfY1G9QOaAbWbDn_U_i20A,https://www.youtube.com/channel/UCmfY1G9QOaAbWbDn_U_i20A,2026-05-03T01:59:07Z,1 Week,,TRUE,,,,,,,
Sprouht,Youtube,https://www.youtube.com/feeds/videos.xml?channel_id=UC-q5vNvj81OmWK0pzaLB-kg,https://www.youtube.com/channel/UC-q5vNvj81OmWK0pzaLB-kg,2026-05-03T01:59:10Z,1 Week,,TRUE,,,,,,,
AICopium,Youtube,https://www.youtube.com/feeds/videos.xml?channel_id=UCOFl0wDeBMSBbK3jNJQHHFg,https://www.youtube.com/channel/UCOFl0wDeBMSBbK3jNJQHHFg,2026-05-03T01:59:13Z,1 Week,,TRUE,,,,,,,
Matthew Berman,Youtube,https://www.youtube.com/feeds/videos.xml?channel_id=UCawZsQWqfGSbCI5yjkdVkTA,https://www.youtube.com/channel/UCawZsQWqfGSbCI5yjkdVkTA,2026-05-03T01:59:16Z,1 Week,,TRUE,,,,,,,
Colossal,Youtube,https://www.youtube.com/feeds/videos.xml?channel_id=UCV-a-2sT_5z9bt5lktscUdQ,https://www.youtube.com/channel/UCV-a-2sT_5z9bt5lktscUdQ,2026-05-03T01:59:18Z,1 Week,,TRUE,,,,,,,
Kitco News,Youtube,https://www.youtube.com/feeds/videos.xml?channel_id=UC9ijza42jVR3T6b8bColgvg,https://www.youtube.com/channel/UC9ijza42jVR3T6b8bColgvg,2026-05-03T01:59:21Z,1 Week,,TRUE,,,,,,,
The Bulwark,Youtube,https://www.youtube.com/feeds/videos.xml?channel_id=UCG4Hp1KbGw4e02N7FpPXDgQ,https://www.youtube.com/channel/UCG4Hp1KbGw4e02N7FpPXDgQ,2026-05-03T01:59:23Z,1 Week,,TRUE,,,,,,,
OnlyTheSAVVY,Youtube,https://www.youtube.com/feeds/videos.xml?channel_id=UCtKPFtUPf6ol9Lw4XvX4iQQ,https://www.youtube.com/channel/UCtKPFtUPf6ol9Lw4XvX4iQQ,2026-05-03T01:59:26Z,1 Week,,TRUE,,,,,,,
TheRichest,Youtube,https://www.youtube.com/feeds/videos.xml?channel_id=UCdxi8d8qRsRyUi2ERYjYb-w,https://www.youtube.com/channel/UCdxi8d8qRsRyUi2ERYjYb-w,2026-05-03T01:59:28Z,1 Week,,TRUE,,,,,,,
Yannic Kilcher,Youtube,https://www.youtube.com/feeds/videos.xml?channel_id=UCZHmQk67mSJgfCCTn7xBfew,https://www.youtube.com/channel/UCZHmQk67mSJgfCCTn7xBfew,2026-05-03T01:59:30Z,1 Week,,,,,,,,,
Richard D Wolff,Youtube,https://www.youtube.com/feeds/videos.xml?channel_id=UCB-5u8VgFc_TI1aAj8_SmDA,https://www.youtube.com/channel/UCB-5u8VgFc_TI1aAj8_SmDA,2026-05-03T02:10:23Z,1 Week,,TRUE,,,,,,,
MoneyTalks101,Youtube,https://www.youtube.com/feeds/videos.xml?channel_id=UCVxMczuT0gNVXxCHS7LcZDQ,https://www.youtube.com/channel/UCVxMczuT0gNVXxCHS7LcZDQ,2026-05-03T02:10:48Z,1 Week,,TRUE,,,,,,,
InvestAnswers,Youtube,https://www.youtube.com/feeds/videos.xml?channel_id=UClgJyzwGs-GyaNxUHcLZrkg,https://www.youtube.com/channel/UClgJyzwGs-GyaNxUHcLZrkg,2026-05-03T02:11:08Z,1 Week,,TRUE,,,,,,,
dylan_curious,Youtube,https://www.youtube.com/feeds/videos.xml?channel_id=UCpdyFxSktWo3W6kMYfmk6lg,https://www.youtube.com/channel/UCpdyFxSktWo3W6kMYfmk6lg,2026-05-03T02:11:22Z,1 Week,,TRUE,,,,,,,
Theo Von Clips,Youtube,https://www.youtube.com/feeds/videos.xml?channel_id=UCiEKV_MOhwZ7OEcgFyLKilw,https://www.youtube.com/channel/UCiEKV_MOhwZ7OEcgFyLKilw,2026-05-03T02:11:54Z,1 Week,,TRUE,,,,,,,
Morgan Stanley,Youtube,https://www.youtube.com/feeds/videos.xml?channel_id=UCz6RzD6KG_hH_oHb2kyW5jQ,https://www.youtube.com/channel/UCz6RzD6KG_hH_oHb2kyW5jQ,2026-05-03T02:12:29Z,1 Week,,TRUE,,,,,,,
TEDx Talks,Youtube,https://www.youtube.com/feeds/videos.xml?channel_id=UCsT0YIqwnpJCM-mx7-gSA4Q,https://www.youtube.com/channel/UCsT0YIqwnpJCM-mx7-gSA4Q,2026-05-03T02:12:54Z,1 Week,,TRUE,,,,,,,
Lex Fridman,Youtube,https://www.youtube.com/feeds/videos.xml?channel_id=UCSHZKyawb77ixDdsGog4iWA,https://www.youtube.com/channel/UCSHZKyawb77ixDdsGog4iWA,2026-05-03T02:12:56Z,1 Week,,TRUE,,,,,,,
WION,Youtube,https://www.youtube.com/feeds/videos.xml?channel_id=UC_gUM8rL-Lrg6O3adPW9K1g,https://www.youtube.com/channel/UC_gUM8rL-Lrg6O3adPW9K1g,2026-05-03T02:13:37Z,1 Week,,TRUE,,,,,,,
Swan Bitcoin,Youtube,https://www.youtube.com/feeds/videos.xml?channel_id=UCl4takhOQtiyprismCPsa2Q,https://www.youtube.com/channel/UCl4takhOQtiyprismCPsa2Q,2026-05-03T02:14:10Z,1 Week,,TRUE,,,,,,,
Brian Harrington,Youtube,https://www.youtube.com/feeds/videos.xml?channel_id=UCKmSF6eFkqyXQNX1TUudbmw,https://www.youtube.com/channel/UCKmSF6eFkqyXQNX1TUudbmw,2026-05-03T02:14:26Z,1 Week,,,,,,,,,
AI-GPT Workshop,Youtube,https://www.youtube.com/feeds/videos.xml?channel_id=UC2b2wgxm0vFjQfJJ0iRcFRw,https://www.youtube.com/channel/UC2b2wgxm0vFjQfJJ0iRcFRw,2026-05-03T02:20:13Z,1 Week,,TRUE,,,,,,,
Android Headlines,Youtube,https://www.youtube.com/feeds/videos.xml?channel_id=UCpsoJVVPRUL1KKeSFg4XZRQ,https://www.youtube.com/channel/UCpsoJVVPRUL1KKeSFg4XZRQ,2026-05-03T02:20:20Z,1 Week,,,,,,,,,
Supercar Blondie,Youtube,https://www.youtube.com/feeds/videos.xml?channel_id=UCKSVUHI9rbbkXhvAXK-2uxA,https://www.youtube.com/channel/UCKSVUHI9rbbkXhvAXK-2uxA,2026-05-03T02:20:55Z,1 Week,,TRUE,,,,,,,
Pod Save America,Youtube,https://www.youtube.com/feeds/videos.xml?channel_id=UCKRoXz3hHAu2XL_k3Ef4vJQ,https://www.youtube.com/channel/UCKRoXz3hHAu2XL_k3Ef4vJQ,2026-05-03T02:21:22Z,1 Week,,TRUE,,,,,,,
Associated Press,Youtube,https://www.youtube.com/feeds/videos.xml?channel_id=UC52X5wxOL_s5yw0dQk7NtgA,https://www.youtube.com/channel/UC52X5wxOL_s5yw0dQk7NtgA,2026-05-03T02:22:06Z,1 Week,,TRUE,,,,,,,
Totally Handy,Youtube,https://www.youtube.com/feeds/videos.xml?channel_id=UC0oK8s58FCWQUePi32hWhdw,https://www.youtube.com/channel/UC0oK8s58FCWQUePi32hWhdw,2026-05-03T02:22:47Z,1 Week,,TRUE,,,,,,,
Bloomberg Technology,Youtube,https://www.youtube.com/feeds/videos.xml?channel_id=UCrM7B7SL_g1edFOnmj-SDKg,https://www.youtube.com/channel/UCrM7B7SL_g1edFOnmj-SDKg,2026-05-03T02:23:29Z,1 Week,,TRUE,,,,,,,
Crypto Highlights,Youtube,https://www.youtube.com/feeds/videos.xml?channel_id=UC5uK4jxud015d2M96OJKg3g,https://www.youtube.com/channel/UC5uK4jxud015d2M96OJKg3g,2026-05-03T02:23:32Z,1 Week,,TRUE,,,,,,,
MeidasTouch,Youtube,https://www.youtube.com/feeds/videos.xml?channel_id=UC9r9HYFxEQOBXSopFS61ZWg,https://www.youtube.com/channel/UC9r9HYFxEQOBXSopFS61ZWg,2026-05-03T02:24:11Z,1 Week,,TRUE,,,,,,,
LPL Research,Youtube,https://www.youtube.com/feeds/videos.xml?channel_id=UCpHA66weGt-2yyETrfeDAyg,https://www.youtube.com/channel/UCpHA66weGt-2yyETrfeDAyg,2026-05-03T02:24:18Z,1 Week,,TRUE,,,,,,,
Bloomberg,Youtube,https://www.youtube.com/feeds/videos.xml?channel_id=UCIALMKvObZNtJ6AmdCLP7Lg,https://www.youtube.com/channel/UCIALMKvObZNtJ6AmdCLP7Lg,2026-05-03T02:25:04Z,1 Week,,TRUE,,,,,,,
The White House,Youtube,https://www.youtube.com/feeds/videos.xml?channel_id=UCYxRlFDqcWM4y7FfpiAN3KQ,https://www.youtube.com/channel/UCYxRlFDqcWM4y7FfpiAN3KQ,2026-05-03T02:30:39Z,1 Week,,TRUE,,,,,,,
STEPN,Youtube,https://www.youtube.com/feeds/videos.xml?channel_id=UCKUnDDXDVdJOSnfs3BuYmLg,https://www.youtube.com/channel/UCKUnDDXDVdJOSnfs3BuYmLg,2026-05-03T02:30:41Z,1 Week,,TRUE,,,,,,,
IBM Technology,Youtube,https://www.youtube.com/feeds/videos.xml?channel_id=UCKWaEZ-_VweaEx1j62do_vQ,https://www.youtube.com/channel/UCKWaEZ-_VweaEx1j62do_vQ,2026-05-03T02:31:01Z,1 Week,,TRUE,,,,,,,
NAVER LABS,Youtube,https://www.youtube.com/feeds/videos.xml?channel_id=UCdYiLrXdXkkvD8WdaG3rstQ,https://www.youtube.com/channel/UCdYiLrXdXkkvD8WdaG3rstQ,2026-05-03T02:31:09Z,1 Week,,TRUE,,,,,,,
Decimated,Youtube,https://www.youtube.com/feeds/videos.xml?channel_id=UC8fQjKlq0351iZcWU6I61WA,https://www.youtube.com/channel/UC8fQjKlq0351iZcWU6I61WA,2026-05-03T02:31:14Z,1 Week,,TRUE,,,,,,,
Illuvium,Youtube,https://www.youtube.com/feeds/videos.xml?channel_id=UCycUiFX_HsAhGb-UXfVsQVw,https://www.youtube.com/channel/UCycUiFX_HsAhGb-UXfVsQVw,2026-05-03T02:31:17Z,1 Week,,TRUE,,,,,,,
Stansberry Media,Youtube,https://www.youtube.com/feeds/videos.xml?channel_id=UCVgL_VeHteGecp5nn0NRztQ,https://www.youtube.com/channel/UCVgL_VeHteGecp5nn0NRztQ,2026-05-03T02:31:32Z,1 Week,,TRUE,,,,,,,
Red Hat,Youtube,https://www.youtube.com/feeds/videos.xml?channel_id=UCG5LuxhUtax6wVhH1qPNxvA,https://www.youtube.com/channel/UCG5LuxhUtax6wVhH1qPNxvA,2026-05-03T02:31:35Z,1 Week,,TRUE,,,,,,,
Chuck Cook,Youtube,https://www.youtube.com/feeds/videos.xml?channel_id=UCwdbsDtaMAh6QXvcbp08YzQ,https://www.youtube.com/channel/UCwdbsDtaMAh6QXvcbp08YzQ,2026-05-03T02:31:44Z,1 Week,,TRUE,,,,,,,
Wilder World,Youtube,https://www.youtube.com/feeds/videos.xml?channel_id=UCgqus_DBpRevUyITHaOOrag,https://www.youtube.com/channel/UCgqus_DBpRevUyITHaOOrag,2026-05-03T02:31:49Z,1 Week,,TRUE,,,,,,,
Teeka Tiwari,Youtube,https://www.youtube.com/feeds/videos.xml?channel_id=UCNYFCvsTVPMOz5fPjCAMNZg,https://www.youtube.com/channel/UCNYFCvsTVPMOz5fPjCAMNZg,2026-05-03T02:31:51Z,1 Week,,TRUE,,,,,,,
Mr. Reflow,Youtube,https://www.youtube.com/feeds/videos.xml?channel_id=UCrCVVPXOfpOXh91k25eKHbw,https://www.youtube.com/channel/UCrCVVPXOfpOXh91k25eKHbw,2026-05-03T02:40:07Z,1 Week,,TRUE,,,,,,,
MattVidPro,Youtube,https://www.youtube.com/feeds/videos.xml?channel_id=UC5Wz4fFacYuON6IKbhSa7Zw,https://www.youtube.com/channel/UC5Wz4fFacYuON6IKbhSa7Zw,2026-05-03T02:40:09Z,1 Week,,TRUE,,,,,,,
Sawyer Merritt,Youtube,https://www.youtube.com/feeds/videos.xml?channel_id=UC_40NdUjhNW6VSFFKrryjNw,https://www.youtube.com/channel/UC_40NdUjhNW6VSFFKrryjNw,2026-05-03T02:40:21Z,1 Week,,TRUE,,,,,,,
Boston Dynamics,Youtube,https://www.youtube.com/feeds/videos.xml?channel_id=UC7vVhkEfw4nOGp8TyDk7RcQ,https://www.youtube.com/channel/UC7vVhkEfw4nOGp8TyDk7RcQ,2026-05-03T02:40:27Z,1 Week,,TRUE,,,,,,,
ARK Invest,Youtube,https://www.youtube.com/feeds/videos.xml?channel_id=UCK-zlnUfoDHzUwXcbddtnkg,https://www.youtube.com/channel/UCK-zlnUfoDHzUwXcbddtnkg,2026-05-03T02:40:45Z,1 Week,,TRUE,,,,,,,
Bridgewater,Youtube,https://www.youtube.com/feeds/videos.xml?channel_id=UC-hKNOj4P-Y8hR9QEHpZPig,https://www.youtube.com/channel/UC-hKNOj4P-Y8hR9QEHpZPig,2026-05-03T02:40:47Z,1 Week,,TRUE,,,,,,,
CNET Highlights,Youtube,https://www.youtube.com/feeds/videos.xml?channel_id=UCmKtn_HvpfbTu3QV4lhJIMw,https://www.youtube.com/channel/UCmKtn_HvpfbTu3QV4lhJIMw,2026-05-03T02:40:49Z,1 Week,,TRUE,,,,,,,
Anthony Pompliano,Youtube,https://www.youtube.com/feeds/videos.xml?channel_id=UCevXpeL8cNyAnww-NqJ4m2w,https://www.youtube.com/channel/UCevXpeL8cNyAnww-NqJ4m2w,2026-05-03T02:40:58Z,1 Week,,TRUE,,,,,,,
Natalie Brunell,Youtube,https://www.youtube.com/feeds/videos.xml?channel_id=UCru3nlhzHrbgK21x0MdB_eg,https://www.youtube.com/channel/UCru3nlhzHrbgK21x0MdB_eg,2026-05-03T02:41:09Z,1 Week,,TRUE,,,,,,,
RodMillerAI,Youtube,https://www.youtube.com/feeds/videos.xml?channel_id=UC6GV9kv4vDs20lY3UI47Zsw,https://www.youtube.com/channel/UC6GV9kv4vDs20lY3UI47Zsw,2026-05-03T02:41:57Z,1 Week,,TRUE,,,,,,,
My financial friend,Youtube,https://www.youtube.com/feeds/videos.xml?channel_id=UCUr_YzOB7pp50F4r1KJ7Dag,https://www.youtube.com/channel/UCUr_YzOB7pp50F4r1KJ7Dag,2026-05-03T02:42:21Z,1 Week,,TRUE,,,,,,,
Large Man Abroad,Youtube,https://www.youtube.com/feeds/videos.xml?channel_id=UCCgvzAQRHmrdO7vMxb6gs_A,https://www.youtube.com/channel/UCCgvzAQRHmrdO7vMxb6gs_A,2026-05-03T02:50:30Z,1 Week,,TRUE,,,,,,,
Smart Money Bro,Youtube,https://www.youtube.com/feeds/videos.xml?channel_id=UCMmfUj8CcXeqpqWkund3ELg,https://www.youtube.com/channel/UCMmfUj8CcXeqpqWkund3ELg,2026-05-03T02:50:40Z,1 Week,,TRUE,,,,,,,
David Carbutt,Youtube,https://www.youtube.com/feeds/videos.xml?channel_id=UC__d7jgOunIVFz6TU_t1QOQ,https://www.youtube.com/channel/UC__d7jgOunIVFz6TU_t1QOQ,2026-05-03T02:50:51Z,1 Week,,TRUE,,,,,,,
Plan B,Youtube,https://www.youtube.com/feeds/videos.xml?channel_id=UCSBilL6FoaKp-RsfYvseHBQ,https://www.youtube.com/channel/UCSBilL6FoaKp-RsfYvseHBQ,2026-05-03T02:50:53Z,1 Week,,TRUE,,,,,,,
Wealthion,Youtube,https://www.youtube.com/feeds/videos.xml?channel_id=UCKMeK-HGHfUFFArZ91rzv5A,https://www.youtube.com/channel/UCKMeK-HGHfUFFArZ91rzv5A,2026-05-03T02:51:33Z,1 Week,,TRUE,,,,,,,
Raoul Paul,Youtube,https://www.youtube.com/feeds/videos.xml?channel_id=UCVFSzL3VuZKP3cN9IXdLOtw,https://www.youtube.com/channel/UCVFSzL3VuZKP3cN9IXdLOtw,2026-05-03T02:51:44Z,1 Week,,TRUE,,,,,,,
ChangeIsPossiblePodcast,Youtube,https://www.youtube.com/feeds/videos.xml?channel_id=UCI1aeNZ-2lqnp9l1VJu2FOQ,https://www.youtube.com/channel/UCI1aeNZ-2lqnp9l1VJu2FOQ,2026-05-03T02:52:00Z,1 Week,,TRUE,,,,,,,
BlackTesla,Youtube,https://www.youtube.com/feeds/videos.xml?channel_id=UCatID1g14HqyWufbrkgtbyg,https://www.youtube.com/channel/UCatID1g14HqyWufbrkgtbyg,2026-05-03T02:52:03Z,1 Week,,TRUE,,,,,,,
Fundstrat,Youtube,https://www.youtube.com/feeds/videos.xml?channel_id=UCcBzKSM4A-pIHMJWSnxmi_g,https://www.youtube.com/channel/UCcBzKSM4A-pIHMJWSnxmi_g,2026-05-03T02:52:14Z,1 Week,,,,,,,,,
NeuraPod,Youtube,https://www.youtube.com/feeds/videos.xml?channel_id=UCDukC60SYLlPwdU9CWPGx9Q,https://www.youtube.com/channel/UCDukC60SYLlPwdU9CWPGx9Q,2026-05-03T02:52:22Z,1 Week,,TRUE,,,,,,,
Elliot Trades,Youtube,https://www.youtube.com/feeds/videos.xml?channel_id=UCMtJYS0PrtiUwlk6zjGDEMA,https://www.youtube.com/channel/UCMtJYS0PrtiUwlk6zjGDEMA,2026-05-03T02:52:37Z,1 Week,,TRUE,,,,,,,
Investing Made Simple,Youtube,https://www.youtube.com/feeds/videos.xml?channel_id=UCz4XY6NPKaMUWNWMONTw3NQ,https://www.youtube.com/channel/UCz4XY6NPKaMUWNWMONTw3NQ,2026-05-03T02:59:04Z,1 Week,,TRUE,,,,,,,
Jetson,Youtube,https://www.youtube.com/feeds/videos.xml?channel_id=UCJNoPkgW0KSKzBHgFJ3VRtQ,https://www.youtube.com/channel/UCJNoPkgW0KSKzBHgFJ3VRtQ,2026-05-03T02:59:07Z,1 Week,,TRUE,,,,,,,
TeslaCarWorld,Youtube,https://www.youtube.com/feeds/videos.xml?channel_id=UCCZLVYAGIoGvaFUrTyyeaXA,https://www.youtube.com/channel/UCCZLVYAGIoGvaFUrTyyeaXA,2026-05-03T02:59:28Z,1 Week,,TRUE,,,,,,,
FuturologyChannel,Youtube,https://www.youtube.com/feeds/videos.xml?channel_id=UC54w2TX_xUNPQ0d-3VvbsHQ,https://www.youtube.com/channel/UC54w2TX_xUNPQ0d-3VvbsHQ,2026-05-03T02:59:30Z,1 Week,,TRUE,,,,,,,
Savvy Finance,Youtube,https://www.youtube.com/feeds/videos.xml?channel_id=UClMW7w5LIPCr98Hw17GeiYQ,https://www.youtube.com/channel/UClMW7w5LIPCr98Hw17GeiYQ,2026-05-03T03:00:10Z,1 Week,,TRUE,,,,,,,
The Romano Report,Youtube,https://www.youtube.com/feeds/videos.xml?channel_id=UCENfGtNBhb7f2SjKcLYZ21w,https://www.youtube.com/channel/UCENfGtNBhb7f2SjKcLYZ21w,2026-05-03T03:00:39Z,1 Week,,TRUE,,,,,,,
Bitcoin Bros,Youtube,https://www.youtube.com/feeds/videos.xml?channel_id=UC61bdUxzWr1a7XuBu8wv2Xg,https://www.youtube.com/channel/UC61bdUxzWr1a7XuBu8wv2Xg,2026-05-03T03:00:47Z,1 Week,,TRUE,,,,,,,
OverEasy,Youtube,https://www.youtube.com/feeds/videos.xml?channel_id=UCctgkud479NSohpZDtlMYgA,https://www.youtube.com/channel/UCctgkud479NSohpZDtlMYgA,2026-05-03T03:00:50Z,1 Week,,TRUE,,,,,,,
Savvy Minds,Youtube,https://www.youtube.com/feeds/videos.xml?channel_id=UCM3ob0xoXvfjMA7D3Q6QqNg,https://www.youtube.com/channel/UCM3ob0xoXvfjMA7D3Q6QqNg,2026-05-03T03:01:26Z,1 Week,,TRUE,,,,,,,
Mark Moss,Youtube,https://www.youtube.com/feeds/videos.xml?channel_id=UC9ZM3N0ybRtp44-WLqsW3iQ,https://www.youtube.com/channel/UC9ZM3N0ybRtp44-WLqsW3iQ,2026-05-03T03:01:32Z,1 Week,,TRUE,,,,,,,
Matthew Berman,Youtube,https://www.youtube.com/feeds/videos.xml?channel_id=UCawZsQWqfGSbCI5yjkdVkTA,https://www.youtube.com/channel/UCawZsQWqfGSbCI5yjkdVkTA,2026-05-03T03:01:51Z,1 Week,,TRUE,,,,,,,
David Shapiro,Youtube,https://www.youtube.com/feeds/videos.xml?channel_id=UCvKRFNawVcuz4b9ihUTApCg,https://www.youtube.com/channel/UCvKRFNawVcuz4b9ihUTApCg,2026-05-03T03:10:07Z,1 Week,,TRUE,,,,,,,
Coin Bureau,Youtube,https://www.youtube.com/feeds/videos.xml?channel_id=UCqK_GSMbpiV8spgD3ZGloSw,https://www.youtube.com/channel/UCqK_GSMbpiV8spgD3ZGloSw,2026-05-03T03:10:32Z,1 Week,,TRUE,,,,,,,
CryptosRUs,Youtube,https://www.youtube.com/feeds/videos.xml?channel_id=UCI7M65p3A-D3P4v5qW8POxQ,https://www.youtube.com/channel/UCI7M65p3A-D3P4v5qW8POxQ,2026-05-03T03:10:47Z,1 Week,,TRUE,,,,,,,
The Bulwark,Youtube,https://www.youtube.com/feeds/videos.xml?channel_id=UCG4Hp1KbGw4e02N7FpPXDgQ,https://www.youtube.com/channel/UCG4Hp1KbGw4e02N7FpPXDgQ,2026-05-03T03:11:28Z,1 Week,,TRUE,,,,,,,
MeidasTouch,Youtube,https://www.youtube.com/feeds/videos.xml?channel_id=UC9r9HYFxEQOBXSopFS61ZWg,https://www.youtube.com/channel/UC9r9HYFxEQOBXSopFS61ZWg,2026-05-03T03:12:07Z,1 Week,,TRUE,,,,,,,
Brian Tyler Cohen,Youtube,https://www.youtube.com/feeds/videos.xml?channel_id=UCQANb2YPwAtK-IQJrLaaUFw,https://www.youtube.com/channel/UCQANb2YPwAtK-IQJrLaaUFw,2026-05-03T03:12:36Z,1 Week,,TRUE,,,,,,,
Sinead Bovell,Youtube,https://www.youtube.com/feeds/videos.xml?channel_id=UCuQIul0FqNDH5Qb7KLvRjxg,https://www.youtube.com/channel/UCuQIul0FqNDH5Qb7KLvRjxg,2026-05-03T03:12:42Z,1 Week,,TRUE,,,,,,,
Vincent Chan,Youtube,https://www.youtube.com/feeds/videos.xml?channel_id=UCPa0bvFsR1mbBpk5mIPFGLA,https://www.youtube.com/channel/UCPa0bvFsR1mbBpk5mIPFGLA,2026-05-03T03:13:00Z,1 Week,,TRUE,,,,,,,
Nate B Jones,Youtube,https://www.youtube.com/feeds/videos.xml?channel_id=UC0C-17n9iuUQPylguM1d-lQ,https://www.youtube.com/channel/UC0C-17n9iuUQPylguM1d-lQ,2026-05-03T03:13:36Z,1 Week,,TRUE,,,,,,,
London Real,Youtube,https://www.youtube.com/feeds/videos.xml?channel_id=UCCZVmatSqIMTTB8uExk8xEg,https://www.youtube.com/channel/UCCZVmatSqIMTTB8uExk8xEg,2026-05-03T03:14:11Z,1 Week,,TRUE,,,,,,,
Lark Davis,Youtube,https://www.youtube.com/feeds/videos.xml?channel_id=UCl2oCaw8hdR_kbqyqd2klIA,https://www.youtube.com/channel/UCl2oCaw8hdR_kbqyqd2klIA,2026-05-03T03:14:46Z,1 Week,,TRUE,,,,,,,
CNET,Youtube,https://www.youtube.com/feeds/videos.xml?channel_id=UCOmcA3f_RrH6b9NmcNa4tdg,https://www.youtube.com/channel/UCOmcA3f_RrH6b9NmcNa4tdg,2026-05-03T03:20:46Z,1 Week,,TRUE,,,,,,,
FutureAza,Youtube,https://www.youtube.com/feeds/videos.xml?channel_id=UCbNOk_wOA7UMvYrF7K0iBvQ,https://www.youtube.com/channel/UCbNOk_wOA7UMvYrF7K0iBvQ,2026-05-03T03:21:22Z,1 Week,,,,,,,,,
All About AI,Youtube,https://www.youtube.com/feeds/videos.xml?channel_id=UCR9j1jqqB5Rse69wjUnbYwA,https://www.youtube.com/channel/UCR9j1jqqB5Rse69wjUnbYwA,2026-05-03T03:21:36Z,1 Week,,TRUE,,,,,,,
YOU,Youtube,https://www.youtube.com/feeds/videos.xml?channel_id=UCEO-TRfY1uLO_v_rqghHLqQ,https://www.youtube.com/channel/UCEO-TRfY1uLO_v_rqghHLqQ,2026-05-03T03:21:38Z,1 Week,,TRUE,,,,,,,
How to Invest,Youtube,https://www.youtube.com/feeds/videos.xml?channel_id=UCZMHNkWw6_-q2EcBtFCDgsA,https://www.youtube.com/channel/UCZMHNkWw6_-q2EcBtFCDgsA,2026-05-03T03:21:44Z,1 Week,,TRUE,,,,,,,
Sabine Hossenfelder,Youtube,https://www.youtube.com/feeds/videos.xml?channel_id=UC1yNl2E66ZzKApQdRuTQ4tw,https://www.youtube.com/channel/UC1yNl2E66ZzKApQdRuTQ4tw,2026-05-03T03:21:59Z,1 Week,,TRUE,,,,,,,
Solving The Money Problem,Youtube,https://www.youtube.com/feeds/videos.xml?channel_id=UCagiBBx1prefrlsDzDxuA9A,https://www.youtube.com/channel/UCagiBBx1prefrlsDzDxuA9A,2026-05-03T03:22:24Z,1 Week,,TRUE,,,,,,,
BTC Sessions,Youtube,https://www.youtube.com/feeds/videos.xml?channel_id=UChzLnWVsl3puKQwc5PoO6Zg,https://www.youtube.com/channel/UChzLnWVsl3puKQwc5PoO6Zg,2026-05-03T03:22:51Z,1 Week,,TRUE,,,,,,,
The Diary Of A CEO Clips,Youtube,https://www.youtube.com/feeds/videos.xml?channel_id=UCnjgxChqYYnyoqO4k_Q1d6Q,https://www.youtube.com/channel/UCnjgxChqYYnyoqO4k_Q1d6Q,2026-05-03T03:23:11Z,1 Week,,TRUE,,,,,,,
Money Talks ,Youtube,https://www.youtube.com/feeds/videos.xml?channel_id=UCVxMczuT0gNVXxCHS7LcZDQ,https://www.youtube.com/channel/UCVxMczuT0gNVXxCHS7LcZDQ,2026-05-03T03:23:26Z,1 Week,,TRUE,,,,,,,
AI GridLock,Youtube,https://www.youtube.com/feeds/videos.xml?channel_id=UCzVNEU6Ei3r9D9VUewatEqQ,https://www.youtube.com/channel/UCzVNEU6Ei3r9D9VUewatEqQ,2026-05-03T03:23:28Z,1 Week,,TRUE,,,,,,,
My Financial Friend,Youtube,https://www.youtube.com/feeds/videos.xml?channel_id=UCUr_YzOB7pp50F4r1KJ7Dag,https://www.youtube.com/channel/UCUr_YzOB7pp50F4r1KJ7Dag,2026-05-03T03:30:31Z,1 Week,,TRUE,,,,,,,
Savvy Finance,Youtube,https://www.youtube.com/feeds/videos.xml?channel_id=UClMW7w5LIPCr98Hw17GeiYQ,https://www.youtube.com/channel/UClMW7w5LIPCr98Hw17GeiYQ,2026-05-03T03:31:13Z,1 Week,,TRUE,,,,,,,
Crypto Banter,Youtube,https://www.youtube.com/feeds/videos.xml?channel_id=UCN9Nj4tjXbVTLYWN0EKly_Q,https://www.youtube.com/channel/UCN9Nj4tjXbVTLYWN0EKly_Q,2026-05-03T03:31:58Z,1 Week,,TRUE,,,,,,,
Ryan Shaw,Youtube,https://www.youtube.com/feeds/videos.xml?channel_id=UCkoujZQZatbqy4KGcgjpVxQ,https://www.youtube.com/channel/UCkoujZQZatbqy4KGcgjpVxQ,2026-05-03T03:32:30Z,1 Week,,TRUE,,,,,,,
Joe Lonsdale,Youtube,https://www.youtube.com/feeds/videos.xml?channel_id=UCJEDniyP_YtcsXikBELqicw,https://www.youtube.com/channel/UCJEDniyP_YtcsXikBELqicw,2026-05-03T03:32:42Z,1 Week,,TRUE,,,,,,,
Digital Coin,Youtube,https://www.youtube.com/feeds/videos.xml?channel_id=UCp7Rg8q0s_F8PDGkuEUj5ew,https://www.youtube.com/channel/UCp7Rg8q0s_F8PDGkuEUj5ew,2026-05-03T03:33:14Z,1 Week,,TRUE,,,,,,,
StarTalk,Youtube,https://www.youtube.com/feeds/videos.xml?channel_id=UCqoAEDirJPjEUFcF2FklnBA,https://www.youtube.com/channel/UCqoAEDirJPjEUFcF2FklnBA,2026-05-03T03:33:23Z,1 Week,,TRUE,,,,,,,
Robin Seyr,Youtube,https://www.youtube.com/feeds/videos.xml?channel_id=UCYEu3XGuHQy65iJpnzMIRrQ,https://www.youtube.com/channel/UCYEu3XGuHQy65iJpnzMIRrQ,2026-05-03T03:33:39Z,1 Week,,TRUE,,,,,,,
Matt Wolfe,Youtube,https://www.youtube.com/feeds/videos.xml?channel_id=UChpleBmo18P08aKCIgti38g,https://www.youtube.com/channel/UChpleBmo18P08aKCIgti38g,2026-05-03T03:34:06Z,1 Week,,TRUE,,,,,,,
Anthony Pompliano,Youtube,https://www.youtube.com/feeds/videos.xml?channel_id=UCevXpeL8cNyAnww-NqJ4m2w,https://www.youtube.com/channel/UCevXpeL8cNyAnww-NqJ4m2w,2026-05-03T03:34:14Z,1 Week,,TRUE,,,,,,,
Library Of Wealth,Youtube,https://www.youtube.com/feeds/videos.xml?channel_id=UC6OOQMJYX09OyrSRPABNxhA,https://www.youtube.com/channel/UC6OOQMJYX09OyrSRPABNxhA,2026-05-03T03:34:36Z,1 Week,,TRUE,,,,,,,
Wes Roth,Youtube,https://www.youtube.com/feeds/videos.xml?channel_id=UCqcbQf6yw5KzRoDDcZ_wBSw,https://www.youtube.com/channel/UCqcbQf6yw5KzRoDDcZ_wBSw,2026-05-03T03:40:16Z,1 Week,,TRUE,,,,,,,
Altcoin Daily,Youtube,https://www.youtube.com/feeds/videos.xml?channel_id=UCbLhGKVY-bJPcawebgtNfbw,https://www.youtube.com/channel/UCbLhGKVY-bJPcawebgtNfbw,2026-05-03T03:40:43Z,1 Week,,TRUE,,,,,,,
Savvy Minds Connect,Youtube,https://www.youtube.com/feeds/videos.xml?channel_id=UCM3ob0xoXvfjMA7D3Q6QqNg,https://www.youtube.com/channel/UCM3ob0xoXvfjMA7D3Q6QqNg,2026-05-03T03:41:23Z,1 Week,,TRUE,,,,,,,
Tim Talks Finance,Youtube,https://www.youtube.com/feeds/videos.xml?channel_id=UCWUbEr22A2soLtBjFohY6aw,https://www.youtube.com/channel/UCWUbEr22A2soLtBjFohY6aw,2026-05-03T03:41:40Z,1 Week,,TRUE,,,,,,,
David Carbutt,Youtube,https://www.youtube.com/feeds/videos.xml?channel_id=UC__d7jgOunIVFz6TU_t1QOQ,https://www.youtube.com/channel/UC__d7jgOunIVFz6TU_t1QOQ,2026-05-03T03:41:51Z,1 Week,,TRUE,,,,,,,
Matthew Berman,Youtube,https://www.youtube.com/feeds/videos.xml?channel_id=UCawZsQWqfGSbCI5yjkdVkTA,https://www.youtube.com/channel/UCawZsQWqfGSbCI5yjkdVkTA,2026-05-03T03:42:07Z,1 Week,,TRUE,,,,,,,
a16z,Youtube,https://www.youtube.com/feeds/videos.xml?channel_id=UC9cn0TuPq4dnbTY-CBsm8XA,https://www.youtube.com/channel/UC9cn0TuPq4dnbTY-CBsm8XA,2026-05-03T03:42:13Z,1 Week,,TRUE,,,,,,,